{
  "fashioniq_dress": {
    "dataset": "fashioniq_dress",
    "num_queries": 1918,
    "num_gallery": 3653,
    "params": {
      "beta": 0.7,
      "alpha": 0.9
    },
    "baseline": {
      "R@1": 4.171011470281543,
      "R@5": 10.792492179353493,
      "R@10": 15.797705943691346,
      "R@50": 32.74244004171011
    },
    "ensemble_text_only": {
      "R@1": 5.005213764337852,
      "R@5": 13.034410844629823,
      "R@10": 18.30031282586027,
      "R@50": 36.809176225234616
    },
    "threeway_fusion": {
      "R@1": 5.630865484880084,
      "R@5": 13.555787278415016,
      "R@10": 19.290928050052138,
      "R@50": 38.16475495307612
    }
  },
  "fashioniq_shirt": {
    "dataset": "fashioniq_shirt",
    "num_queries": 1996,
    "num_gallery": 6182,
    "params": {
      "beta": 0.7,
      "alpha": 0.9
    },
    "baseline": {
      "R@1": 9.06813627254509,
      "R@5": 19.639278557114228,
      "R@10": 26.002004008016034,
      "R@50": 42.93587174348698
    },
    "ensemble_text_only": {
      "R@1": 10.02004008016032,
      "R@5": 21.693386773547093,
      "R@10": 27.354709418837675,
      "R@50": 45.09018036072144
    },
    "threeway_fusion": {
      "R@1": 9.769539078156313,
      "R@5": 21.442885771543086,
      "R@10": 27.354709418837675,
      "R@50": 44.83967935871743
    }
  },
  "fashioniq_toptee": {
    "dataset": "fashioniq_toptee",
    "num_queries": 1923,
    "num_gallery": 5261,
    "params": {
      "beta": 0.7,
      "alpha": 0.9
    },
    "baseline": {
      "R@1": 6.812272490899636,
      "R@5": 16.69266770670827,
      "R@10": 23.08892355694228,
      "R@50": 41.18564742589704
    },
    "ensemble_text_only": {
      "R@1": 8.11232449297972,
      "R@5": 19.81279251170047,
      "R@10": 26.5730629225169,
      "R@50": 46.17784711388456
    },
    "threeway_fusion": {
      "R@1": 8.684347373894957,
      "R@5": 20.2808112324493,
      "R@10": 27.353094123764947,
      "R@50": 46.437857514300575
    }
  },
  "circo": {
    "dataset": "circo",
    "num_queries": 220,
    "num_gallery": 123403,
    "params": {
      "beta": 0.7,
      "alpha": 0.9
    },
    "baseline": {
      "mAP@5": 15.717803030303031,
      "mAP@10": 16.208915043290048,
      "mAP@25": 18.24515106162358,
      "mAP@50": 19.042457844752178
    },
    "ensemble_text_only": {
      "mAP@5": 18.06111111111112,
      "mAP@10": 18.68832221019722,
      "mAP@25": 20.55194387934433,
      "mAP@50": 21.481037874562027
    },
    "threeway_fusion": {
      "mAP@5": 20.3554292929293,
      "mAP@10": 21.25620211468428,
      "mAP@25": 23.1601421928961,
      "mAP@50": 24.063591252242606
    }
  },
  "cirr": {
    "dataset": "cirr",
    "num_queries": 4181,
    "num_gallery": 2297,
    "params": {
      "beta": 0.7,
      "alpha": 0.9
    },
    "baseline": {
      "R@1": 22.961014111456592,
      "R@5": 53.025591963645056,
      "R@10": 65.84549150920832,
      "R@50": 86.96484094714182,
      "R_sub@1": 46.25687634537192,
      "R_sub@2": 67.95025113609185,
      "R_sub@3": 80.96149246591725
    },
    "ensemble_text_only": {
      "R@1": 25.281033245635015,
      "R@5": 56.015307342740975,
      "R@10": 68.76345371920594,
      "R@50": 89.3326955273858,
      "R_sub@1": 48.505142310452044,
      "R_sub@2": 69.93542214781154,
      "R_sub@3": 82.56397990911265
    },
    "threeway_fusion": {
      "R@1": 25.902894044486963,
      "R@5": 56.27840229610142,
      "R@10": 68.7156182731404,
      "R@50": 89.50011958861516,
      "R_sub@1": 48.88782587897632,
      "R_sub@2": 70.05501076297537,
      "R_sub@3": 82.39655584788328
    }
  }
}