{
  "fashioniq_dress": {
    "dataset": "fashioniq_dress",
    "num_queries": 1918,
    "num_gallery": 3653,
    "params": {
      "beta": 0.7,
      "alpha": 0.9
    },
    "baseline": {
      "R@1": 4.588112617309697,
      "R@5": 11.05318039624609,
      "R@10": 15.43274244004171,
      "R@50": 33.62877997914494
    },
    "ensemble_text_only": {
      "R@1": 5.683003128258603,
      "R@5": 13.19082377476538,
      "R@10": 18.50886339937435,
      "R@50": 37.33055265901981
    },
    "threeway_fusion": {
      "R@1": 5.683003128258603,
      "R@5": 14.129301355578727,
      "R@10": 19.603753910323256,
      "R@50": 39.62460896767466
    }
  },
  "fashioniq_shirt": {
    "dataset": "fashioniq_shirt",
    "num_queries": 1996,
    "num_gallery": 6182,
    "params": {
      "beta": 0.7,
      "alpha": 0.9
    },
    "baseline": {
      "R@1": 8.617234468937877,
      "R@5": 19.68937875751503,
      "R@10": 26.052104208416832,
      "R@50": 43.13627254509018
    },
    "ensemble_text_only": {
      "R@1": 9.869739478957916,
      "R@5": 22.094188376753507,
      "R@10": 27.805611222444888,
      "R@50": 45.390781563126254
    },
    "threeway_fusion": {
      "R@1": 10.120240480961924,
      "R@5": 21.442885771543086,
      "R@10": 28.75751503006012,
      "R@50": 45.34068136272545
    }
  },
  "fashioniq_toptee": {
    "dataset": "fashioniq_toptee",
    "num_queries": 1923,
    "num_gallery": 5261,
    "params": {
      "beta": 0.7,
      "alpha": 0.9
    },
    "baseline": {
      "R@1": 6.760270410816433,
      "R@5": 16.328653146125845,
      "R@10": 23.76495059802392,
      "R@50": 43.00572022880915
    },
    "ensemble_text_only": {
      "R@1": 8.164326573062922,
      "R@5": 20.384815392615703,
      "R@10": 27.353094123764947,
      "R@50": 47.685907436297455
    },
    "threeway_fusion": {
      "R@1": 8.788351534061363,
      "R@5": 20.64482579303172,
      "R@10": 28.133125325013005,
      "R@50": 48.30993239729589
    }
  },
  "circo": {
    "dataset": "circo",
    "num_queries": 220,
    "num_gallery": 123403,
    "params": {
      "beta": 0.7,
      "alpha": 0.9
    },
    "baseline": {
      "mAP@5": 13.270454545454546,
      "mAP@10": 14.288205395794682,
      "mAP@25": 16.084106407729085,
      "mAP@50": 17.025033893564913
    },
    "ensemble_text_only": {
      "mAP@5": 16.237499999999997,
      "mAP@10": 17.317582929636497,
      "mAP@25": 19.311241496425232,
      "mAP@50": 20.19583860047544
    },
    "threeway_fusion": {
      "mAP@5": 19.966035353535357,
      "mAP@10": 21.077533483932307,
      "mAP@25": 22.923629345464732,
      "mAP@50": 23.81523952216778
    }
  }
}