{
  "genecis_change_attribute": {
    "baseline": {
      "R@1": 12.69540502131691,
      "R@2": 22.35907153008053,
      "R@3": 31.73851255329228
    },
    "current_params": {
      "beta": 0.7,
      "alpha": 0.9
    },
    "current_threeway": {
      "R@1": 12.979630506868784,
      "R@2": 23.54334438654666,
      "R@3": 32.68593083846518
    },
    "best_r1_params": {
      "beta": 0.8,
      "alpha": 0.8
    },
    "best_r1_threeway": {
      "R@1": 14.021790620558978,
      "R@2": 23.54334438654666,
      "R@3": 31.64377072477499
    },
    "best_sum_params": {
      "beta": 0.5,
      "alpha": 0.9
    },
    "best_sum_threeway": {
      "R@1": 13.642823306489815,
      "R@2": 23.54334438654666,
      "R@3": 32.87541449549976
    },
    "valid": 2111,
    "total": 2111,
    "grid_size": "7x8"
  }
}