{
  "genecis_change_object": {
    "dataset": "genecis_change_object",
    "valid": 1960,
    "total": 1960,
    "params": {
      "beta": 0.7,
      "alpha": 0.9
    },
    "baseline": {
      "R@1": 13.877551020408163,
      "R@2": 25.255102040816325,
      "R@3": 36.224489795918366
    },
    "ensemble": {
      "R@1": 13.877551020408163,
      "R@2": 26.27551020408163,
      "R@3": 37.857142857142854
    },
    "threeway": {
      "R@1": 14.030612244897958,
      "R@2": 25.56122448979592,
      "R@3": 36.63265306122449
    },
    "time_seconds": 1579
  },
  "genecis_focus_object": {
    "dataset": "genecis_focus_object",
    "valid": 1960,
    "total": 1960,
    "params": {
      "beta": 0.7,
      "alpha": 0.9
    },
    "baseline": {
      "R@1": 16.020408163265305,
      "R@2": 26.581632653061227,
      "R@3": 35.56122448979592
    },
    "ensemble": {
      "R@1": 15.561224489795919,
      "R@2": 26.3265306122449,
      "R@3": 36.42857142857142
    },
    "threeway": {
      "R@1": 15.153061224489797,
      "R@2": 25.816326530612244,
      "R@3": 35.45918367346938
    },
    "time_seconds": 1490
  },
  "genecis_change_attribute": {
    "dataset": "genecis_change_attribute",
    "valid": 2110,
    "total": 2111,
    "params": {
      "beta": 0.7,
      "alpha": 0.9
    },
    "baseline": {
      "R@1": 12.701421800947868,
      "R@2": 22.322274881516588,
      "R@3": 31.84834123222749
    },
    "ensemble": {
      "R@1": 12.701421800947868,
      "R@2": 22.985781990521325,
      "R@3": 32.8436018957346
    },
    "threeway": {
      "R@1": 12.796208530805686,
      "R@2": 23.554502369668246,
      "R@3": 32.60663507109005
    },
    "time_seconds": 9761
  },
  "genecis_focus_attribute": {
    "dataset": "genecis_focus_attribute",
    "valid": 1998,
    "total": 1999,
    "params": {
      "beta": 0.7,
      "alpha": 0.9
    },
    "baseline": {
      "R@1": 18.81881881881882,
      "R@2": 30.88088088088088,
      "R@3": 41.19119119119119
    },
    "ensemble": {
      "R@1": 19.81981981981982,
      "R@2": 31.181181181181184,
      "R@3": 42.14214214214214
    },
    "threeway": {
      "R@1": 20.02002002002002,
      "R@2": 30.88088088088088,
      "R@3": 42.64264264264264
    },
    "time_seconds": 8777
  }
}